Abre	Virus	Accession	Lineage	Family_7	Family	subfamily	Genus	Host_supergroup	Host_lineage	Host_Species	Host_type	Proteins	Length.old	fmcolor	xLineage	length.old	xProteins	oldseg	ncldv	ref	xSegments	xSpecies2	xHost_type	xHost	Segments	aanum	Length	gf.unique.sp	gf.unique.fm	gf.shared	inpara.cnt	inpara.pt	gp.all
AC01	Heliothis virescens ascovirus 3e	NC_009233	Ascovirus	Iridoviridae	Ascoviridae		Ascovirus	Opisthokonta	Lepidoptera	Noctuidae,Heliothis virescens		180	186262	#ffe280	Ascovirus	186262	180	1	ncldv	complete;refseq	1	Heliothis virescens ascovirus 3a	invertebrates	arthopod	1	180	186262	0	103	38	9	37	141
AC02	Spodoptera frugiperda ascovirus 1a	NC_008361	Ascovirus	Iridoviridae	Ascoviridae		Ascovirus	Opisthokonta	Lepidoptera	Spodoptera frugiperda		123	156922	#ffe280	Ascovirus	156922	123	1	ncldv	complete;refseq	1	Spodoptera frugiperda ascovirus 1a	invertebrates	arthopod	1	123	156922	0	51	39	9	23	90
AC03	Trichoplusia ni ascovirus 2c	NC_008518	Ascovirus	Iridoviridae	Ascoviridae		Ascovirus	Opisthokonta	Lepidoptera	Noctuidae,Trichoplusia ni		164	174059	#ffe280	Ascovirus	174059	164	1	ncldv	complete;refseq	1	Trichoplusia ni ascovirus 2c	invertebrates	arthopod	1	164	174059	1	38	41	12	32	80
AC04	Heliothis virescens ascovirus 3f	KJ755191	Ascovirus	Iridoviridae	Ascoviridae		Ascovirus	Opisthokonta	Lepidoptera	Helicoverpa zea		190	198157	#ffe280	Ascovirus	198157	NA	1	ncldv	complete	1	Heliothis virescens ascovirus 3a		arthopod	1	190	198157	0	112	43	10	38	155
AC05	Heliothis virescens ascovirus 3g	JX491653	Ascovirus	Iridoviridae	Ascoviridae		Ascovirus	Opisthokonta	Lepidoptera	Spodoptera exigua		194	199721	#ffe280	Ascovirus	199721	NA	1	ncldv	complete	1	Heliothis virescens ascovirus 3a		arthopod	1	194	199721	0	116	42	10	39	158
AC06	Heliothis virescens ascovirus 3h	KU170628	Ascovirus	Iridoviridae	Ascoviridae		Ascovirus	Opisthokonta	Lepidoptera	Spodoptera exigua		185	190519	#ffe280	Ascovirus	190519	NA	1	ncldv	complete	1	Heliothis virescens ascovirus 3a		arthopod	1	185	190519	0	111	45	9	33	156
AC07	Heliothis virescens ascovirus 3j	LC332918	Ascovirus	Iridoviridae	Ascoviridae		Ascovirus	Opisthokonta	Lepidoptera	Spodoptera litura		189	191718	#ffe280	Ascovirus	191718	NA	1	ncldv	complete	1	Heliothis virescens ascovirus 3a		arthopod	1	189	191718	0	110	44	8	33	154
AC08	Diadromus pulchellus ascovirus 4a	NC_011335	Toursvirus	Iridoviridae	Ascoviridae		Toursvirus	Opisthokonta	Lepidoptera; Hymenoptera	Diadromus pulchellus		119	119343	#ffe280	Toursvirus	119343	119	1	ncldv	complete;refseq	1	Diadromus pulchellus toursvirus	invertebrates	arthopod	1	119	119343	0	4	58	6	20	62
AF01	African swine fever virus	NC_001659	African swine fever virus	Asfarviridae	Asfarviridae		Asfarvirus	Opisthokonta	Mammals; Chelicerata	Ixodida,Ornithodoros,Ornithodoros moubata,Chlorocebus aethiops,Sus scrofa,Sus scrofa domesticus,Ornithodoros porcinus porcinus,Phacochoerus africanus,Phacochoerus aethiopicus,Potamochoerus larvatus,Ixodoidea		152	170101	#8a3e94	Asfarvirus	170101	152	1	ncldv	complete;refseq	1	African swine fever virus	vertebrates;invertebrates	vertebrate	1	152	170101	8	22	45	10	37	75
AF02	Abalone asfarvirus	LC506465	Abalone asfarvirus	Asfarviridae	Asfarviridae		Asfarvirus	Opisthokonta	Mollusca			159	155181	#8a3e94	Asfarvirus	NA	NA	1	ncldv	Tax	1			invertebrate	1	159	155181	3	22	38	5	18	63
AF03	Faustovirus E12	KJ614390	Faustovirus	Asfarviridae	Asfarviridae		Faustovirus	Amoebozoa	Tubulinea	Vermamoeba vermiformis		492	466265	#8a3e94	Faustovirus	NA	NA	1	ncldv	Guglie	1	E12		amoeba	1	492	466265	1	348	86	14	41	435
AF04	Faustovirus D6	KU702951.1	Faustovirus	Asfarviridae	Asfarviridae		Faustovirus	Amoebozoa	Tubulinea	Vermamoeba		495	462011	#8a3e94	Faustovirus	462011	38	1	ncldv	NeedhamRhodo	1	FaustoV D6			1	495	462011	2	242	86	19	58	330
AF05	Faustovirus ST1	LT839607.1	Faustovirus	Asfarviridae	Asfarviridae		Faustovirus	Amoebozoa	Tubulinea	Vermamoeba		478	470659	#8a3e94	Faustovirus	470659	37	1	ncldv	NeedhamRhodo	1	FastoV ST1			1	478	470659	0	340	86	25	65	426
AF06	Kaumoebavirus	NC_034249	Kaumoebavirus	Asfarviridae	Asfarviridae		Kaumoebavirus	Amoebozoa	Tubulinea	Vermamoeba vermiformis		429	350731	#8a3e94	Kaumoebavirus	350731	429	1	ncldv	complete;refseq	1	Kaumoebavirus	protozoa	amoeba	1	429	350731	17	24	83	32	76	124
AF07	Pacmanvirus A23	NC_034383	Pacmanvirus	Asfarviridae	Asfarviridae		Pacmanvirus	Amoebozoa	Discosea	Acanthamoeba castellanii		465	395405	#8a3e94	Pacmanvirus	395405	465	1	ncldv	complete;refseq	1	Pacmanvirus A23	protozoa	amoeba	1	465	395405	14	45	117	29	94	176
I01	Lymphocystis disease virus - isolate China	NC_005902	Alphairidovirinae	Iridoviridae	Iridoviridae	Alphairidovirinae	Lymphocystivirus	Opisthokonta	Fish	Paralichthys olivaceus		239	186250	#cc5a00	Alphairidovirinae	186250	239	1	ncldv	complete;refseq	1	Lymphocystis disease virus - isolate China	vertebrates	vertebrate	1	239	186250	3	84	41	30	81	128
I02	Lymphocystis disease virus 1	NC_001824	Alphairidovirinae	Iridoviridae	Iridoviridae	Alphairidovirinae	Lymphocystivirus	Opisthokonta	Fish	Osmeridae,Percichthyidae,Percidae,Sparus aurata,Centrarchidae,Pleuronectidae,Pleuronectoidei,Soleidae,Clupeidae		110	102653	#cc5a00	Alphairidovirinae	102653	110	1	ncldv	complete;refseq	1	Lymphocystis disease virus 1	vertebrates	vertebrate	1	110	102653	0	61	36	23	62	97
I03	Lymphocystis disease virus Sa	NC_033423	Alphairidovirinae	Iridoviridae	Iridoviridae	Alphairidovirinae	Lymphocystivirus	Opisthokonta	Fish	Sparus aurata		183	208501	#cc5a00	Alphairidovirinae	208501	183	1	ncldv	complete;refseq	1	Lymphocystis disease virus Sa	vertebrates	vertebrate	1	183	208501	0	86	42	31	107	128
I04	Infectious spleen and kidney necrosis virus	NC_003494	Alphairidovirinae	Iridoviridae	Iridoviridae	Alphairidovirinae	Megalocytivirus	Opisthokonta	Fish	Siniperca chuatsi,Synchiropus splendidus		125	111362	#cc5a00	Alphairidovirinae	111362	125	1	ncldv	complete;refseq	1	Infectious spleen and kidney necrosis virus	vertebrates	vertebrate	1	125	111362	0	74	34	24	69	108
I05	Orange-spotted grouper iridovirus	AY894343	Alphairidovirinae	Iridoviridae	Iridoviridae	Alphairidovirinae	Megalocytivirus	Opisthokonta	Fish	Epinephelus coioides		121	112636	#cc5a00	Alphairidovirinae	NA	NA	1	ncldv	complete	1	Megalocytivirus	Metazoa; Chordata; Epinephelus	vertebrate	1	121	112636	0	82	34	21	59	116
I06	Rock bream iridovirus	AY532606	Alphairidovirinae	Iridoviridae	Iridoviridae	Alphairidovirinae	Megalocytivirus	Opisthokonta	Fish	Haemulon sciurus,Oplegnathus fasciatus		100	112080	#cc5a00	Alphairidovirinae	NA	NA	1	ncldv	complete	1	Megalocytivirus	Metazoa; Chordata; Haemulon	vertebrate	1	100	112080	0	58	26	15	65	84
I07	Rock bream iridovirus isolate RBIV-C1	KC244182	Alphairidovirinae	Iridoviridae	Iridoviridae	Alphairidovirinae	Megalocytivirus	Opisthokonta	Fish			119	112333	#cc5a00	Alphairidovirinae	NA	NA	1	ncldv	complete	1			vertebrate	1	119	112333	0	82	34	25	111	116
I08	Scale drop disease virus	NC_027778	Alphairidovirinae	Iridoviridae	Iridoviridae	Alphairidovirinae	Megalocytivirus	Opisthokonta	Fish	Lates calcarifer		129	124244	#cc5a00	Alphairidovirinae	124244	129	1	ncldv	complete;refseq	1	Scale drop disease virus	vertebrates	vertebrate	1	129	124244	2	29	46	10	26	77
I09	Turbot reddish body iridovirus	GQ273492	Alphairidovirinae	Iridoviridae	Iridoviridae	Alphairidovirinae	Megalocytivirus	Opisthokonta	Fish	Scophthalmus maximus		115	110104	#cc5a00	Alphairidovirinae	NA	NA	1	ncldv	Guglie	1	Megalocytivirus	Metazoa; Chordata; Scophthalmus	vertebrate	1	115	110104	0	76	36	24	98	112
I10	Ambystoma tigrinum stebbensi virus	AY150217	Alphairidovirinae	Iridoviridae	Iridoviridae	Alphairidovirinae	Ranavirus	Opisthokonta	Amphibia	Ambystoma tigrinum		95	106332	#cc5a00	Alphairidovirinae	NA	NA	1	ncldv	complete	1	Ranavirus	Metazoa; Chordata; Ambystoma	vertebrate	1	95	106332	0	53	39	3	6	92
I11	Ambystoma tigrinum virus	NC_005832	Alphairidovirinae	Iridoviridae	Iridoviridae	Alphairidovirinae	Ranavirus	Opisthokonta	Amphibia	Ambystoma tigrinum		95	106332	#cc5a00	Alphairidovirinae	106332	95	1	ncldv	complete;refseq	1	Ambystoma tigrinum virus	vertebrates	vertebrate	1	95	106332	0	53	39	3	6	92
I12	Andrias davidianus ranavirus	KC865735	Alphairidovirinae	Iridoviridae	Iridoviridae	Alphairidovirinae	Ranavirus	Opisthokonta	Amphibia	Andrias davidianus		101	106734	#cc5a00	Alphairidovirinae	NA	NA	1	ncldv	complete	1	Ranavirus	Metazoa; Chordata; Andrias	vertebrate	1	101	106734	0	54	40	4	10	94
I13	Bohle iridovirus	NC_038507	Alphairidovirinae	Iridoviridae	Iridoviridae	Alphairidovirinae	Ranavirus	Opisthokonta	Amphibia	Limnodynastes ornatus		100	103531	#cc5a00	Alphairidovirinae	103531	100	1	ncldv	complete;refseq	1	Bohle iridovirus	vertebrates	vertebrate	1	100	103531	0	56	40	3	7	96
I14	Chinese giant salamander iridovirus	KF512820	Alphairidovirinae	Iridoviridae	Iridoviridae	Alphairidovirinae	Ranavirus	Opisthokonta	Amphibia	Andrias davidianus		112	105375	#cc5a00	Alphairidovirinae	NA	NA	1	ncldv	Guglie	1	Ranavirus	Metazoa; Chordata; Andrias	vertebrate	1	112	105375	0	62	41	27	98	103
I15	Cod iridovirus	KX574342	Alphairidovirinae	Iridoviridae	Iridoviridae	Alphairidovirinae	Ranavirus	Opisthokonta	Fish	Gadus morhua		98	114865	#cc5a00	Alphairidovirinae	114865	NA	1	ncldv	complete	1	Cod iridovirus	vertebrates	vertebrate	1	98	114865	0	50	40	5	12	90
I16	Common midwife toad virus	NC_039034	Alphairidovirinae	Iridoviridae	Iridoviridae	Alphairidovirinae	Ranavirus	Opisthokonta	Amphibia	Pelophylax esculentus		104	107772	#cc5a00	Alphairidovirinae	107772	104	1	ncldv	complete;refseq	1	Common midwife toad virus	vertebrates	vertebrate	1	104	107772	0	56	37	3	9	93
I17	Epizootic haematopoietic necrosis virus	NC_028461	Alphairidovirinae	Iridoviridae	Iridoviridae	Alphairidovirinae	Ranavirus	Opisthokonta	Fish	Perca fluviatilis		100	127011	#cc5a00	Alphairidovirinae	127011	100	1	ncldv	complete;refseq	1	Epizootic haematopoietic necrosis virus	vertebrates	vertebrate	1	100	127011	0	55	39	31	89	94
I18	European catfish virus	NC_017940	Alphairidovirinae	Iridoviridae	Iridoviridae	Alphairidovirinae	Ranavirus	Opisthokonta	Fish	Silurus glanis		136	127732	#cc5a00	Alphairidovirinae	127732	136	1	ncldv	complete;refseq	1	European catfish virus	vertebrates	vertebrate	1	136	127732	0	61	41	30	124	102
I19	Frog virus 3	NC_005946	Alphairidovirinae	Iridoviridae	Iridoviridae	Alphairidovirinae	Ranavirus	Opisthokonta	Amphibia	Notophthalmus viridescens,Rana pipiens,Dryophytes versicolor,Rana sylvatica,Oophaga pumilio		99	105903	#cc5a00	Alphairidovirinae	105903	99	1	ncldv	complete;refseq	1	Frog virus 3	vertebrates	vertebrate	1	99	105903	0	53	39	3	7	92
I20	German gecko ranavirus	KP266742	Alphairidovirinae	Iridoviridae	Iridoviridae	Alphairidovirinae	Ranavirus	Opisthokonta	Reptilia	Uroplatus fimbriatus		73	103681	#cc5a00	Alphairidovirinae	NA	NA	1	ncldv	Guglie	1	Ranavirus	Metazoa; Chordata; Uroplatus	vertebrate	1	73	103681	0	33	38	1	2	71
I21	Grouper iridovirus	AY666015	Alphairidovirinae	Iridoviridae	Iridoviridae	Alphairidovirinae	Ranavirus	Opisthokonta	Fish	Epinephelus awoara		98	139793	#cc5a00	Alphairidovirinae	NA	NA	1	ncldv	complete	1	Ranavirus	Metazoa; Chordata; Epinephelus	vertebrate	1	98	139793	0	46	39	6	17	85
I22	Rana grylio iridovirus	JQ654586	Alphairidovirinae	Iridoviridae	Iridoviridae	Alphairidovirinae	Ranavirus	Opisthokonta	Amphibia	Rana grylio		106	105791	#cc5a00	Alphairidovirinae	NA	NA	1	ncldv	complete	1	Ranavirus	Metazoa; Chordata; Aquarana	vertebrate	1	106	105791	0	59	40	31	91	99
I23	Ranavirus maximus	NC_030842	Alphairidovirinae	Iridoviridae	Iridoviridae	Alphairidovirinae	Ranavirus	Opisthokonta	Fish	Scophthalmus maximus		100	115510	#cc5a00	Alphairidovirinae	115510	100	1	ncldv	complete;refseq	1	Cod iridovirus	vertebrates	vertebrate	1	100	115510	0	55	40	31	92	95
I24	Short-finned eel ranavirus	NC_030394	Alphairidovirinae	Iridoviridae	Iridoviridae	Alphairidovirinae	Ranavirus	Opisthokonta	Fish	Anguilla australis		111	126965	#cc5a00	Alphairidovirinae	126965	111	1	ncldv	complete;refseq	1	Short-finned eel ranavirus	vertebrates	vertebrate	1	111	126965	0	58	42	34	101	100
I25	Singapore grouper iridovirus	NC_006549	Alphairidovirinae	Iridoviridae	Iridoviridae	Alphairidovirinae	Ranavirus	Opisthokonta	Fish	Epinephelus tauvina		162	140131	#cc5a00	Alphairidovirinae	140131	162	1	ncldv	complete;refseq	1	Singapore grouper iridovirus	vertebrates	vertebrate	1	162	140131	2	54	40	33	107	96
I26	Soft-shelled turtle iridovirus	EU627010	Alphairidovirinae	Iridoviridae	Iridoviridae	Alphairidovirinae	Ranavirus	Opisthokonta	Reptilia	Pelodiscus sinensis,Trionychidae		105	105890	#cc5a00	Alphairidovirinae	NA	NA	1	ncldv	complete	1	Ranavirus	Metazoa; Chordata; Pelodiscus	vertebrate	1	105	105890	0	54	40	30	84	94
I27	Testudo hermanni ranavirus	KP266741	Alphairidovirinae	Iridoviridae	Iridoviridae	Alphairidovirinae	Ranavirus	Opisthokonta	Reptilia	Testudo hermanni		75	105811	#cc5a00	Alphairidovirinae	NA	NA	1	ncldv	complete	1	Ranavirus	Metazoa; Chordata; Testudo	vertebrate	1	75	105811	0	34	39	27	76	73
I28	Tiger frog virus	AF389451	Alphairidovirinae	Iridoviridae	Iridoviridae	Alphairidovirinae	Ranavirus	Opisthokonta	Amphibia	Hoplobatrachus tigerinus		105	105057	#cc5a00	Alphairidovirinae	NA	NA	1	ncldv	complete	1	Ranavirus	Metazoa; Chordata; Hoplobatrachus	vertebrate	1	105	105057	0	51	41	28	81	92
I29	Tortoise ranavirus	KP266743	Alphairidovirinae	Iridoviridae	Iridoviridae	Alphairidovirinae	Ranavirus	Opisthokonta	Reptilia	Testudo kleinmanni		76	103876	#cc5a00	Alphairidovirinae	NA	NA	1	ncldv	complete	1	Ranavirus	Metazoa; Chordata; Testudo	vertebrate	1	76	103876	0	35	39	26	79	74
I30	Red seabream iridovirus	AB104413	Alphairidovirinae	Iridoviridae	Iridoviridae	Alphairidovirinae	Megalocytivirus	Opisthokonta	Fish			116	112415	#cc5a00	Alphairidovirinae	NA	NA	1	ncldv	Guglie	1			vertebrate	1	116	112415	0	73	36	24	87	109
I31	Aedes taeniorhynchus iridescent virus	DQ643392	Chloriridovirus	Iridoviridae	Iridoviridae	Betairidovirinae	Chloriridovirus	Opisthokonta	Diptera	Ochlerotatus taeniorhynchus		126	191100	#cc5a00	Betairidovirinae	NA	NA	1	ncldv	complete	1	Chloriridovirus	Metazoa; Arthropoda; Ochlerotatus	arthopod	1	126	191100	0	56	63	5	12	119
I32	Anopheles minimus irodovirus	NC_023848	Chloriridovirus	Iridoviridae	Iridoviridae	Betairidovirinae	Chloriridovirus	Opisthokonta	Diptera	Anopheles minimus		131	163023	#cc5a00	Betairidovirinae	163023	131	1	ncldv	complete;refseq	1	Anopheles minimus irodovirus	invertebrates	arthopod	1	131	163023	0	41	70	7	20	111
I33	Invertebrate iridescent virus 22	NC_023615	Chloriridovirus	Iridoviridae	Iridoviridae	Betairidovirinae	Chloriridovirus	Opisthokonta	Diptera	Simulium		174	196456	#cc5a00	Betairidovirinae	196456	174	1	ncldv	complete;refseq	1	Invertebrate iridescent virus 22	invertebrates	arthopod	1	174	196456	0	69	75	46	170	144
I34	Invertebrate iridescent virus 3	NC_008187	Chloriridovirus	Iridoviridae	Iridoviridae	Betairidovirinae	Chloriridovirus	Opisthokonta	Diptera	Aedes vexans,Psorophora ferox,Culex territans,Ochlerotatus sollicitans,Ochlerotatus taeniorhynchus,Culiseta annulata		126	191100	#cc5a00	Betairidovirinae	191100	126	1	ncldv	complete;refseq	1	Invertebrate iridescent virus 3	invertebrates	arthopod	1	126	191100	0	56	63	41	142	119
I35	Invertebrate iridescent virus 30	NC_023611	Chloriridovirus	Iridoviridae	Iridoviridae	Betairidovirinae	Chloriridovirus	Opisthokonta	Lepidoptera	Helicoverpa zea		177	198533	#cc5a00	Betairidovirinae	198533	177	1	ncldv	complete;refseq	1	Invertebrate iridescent virus 30	invertebrates	arthopod	1	177	198533	0	70	77	48	186	147
I36	Invertebrate iridovirus 22	NC_021901	Chloriridovirus	Iridoviridae	Iridoviridae	Betairidovirinae	Chloriridovirus	Opisthokonta	Lepidoptera; Diptera	Spodoptera frugiperda,Aedes,Simulium		167	197693	#cc5a00	Betairidovirinae	197693	167	1	ncldv	complete;refseq	1	Invertebrate iridovirus 22	invertebrates	arthopod	1	167	197693	0	65	76	47	187	141
I37	Invertebrate iridovirus 25	NC_023613	Chloriridovirus	Iridoviridae	Iridoviridae	Betairidovirinae	Chloriridovirus	Opisthokonta	Diptera	Simulium		177	204815	#cc5a00	Betairidovirinae	204815	177	1	ncldv	complete;refseq	1	Invertebrate iridovirus 25	invertebrates	arthopod	1	177	204815	0	69	76	49	183	145
I38	Wiseana iridescent virus	NC_015780	Chloriridovirus	Iridoviridae	Iridoviridae	Betairidovirinae	Chloriridovirus	Opisthokonta	Lepidoptera	Wiseana cervinata		193	205791	#cc5a00	Betairidovirinae	205791	193	1	ncldv	complete;refseq	1	Invertebrate iridescent virus 9	invertebrates	arthopod	1	193	205791	1	71	77	51	189	149
I39	Armadillidium vulgare iridescent virus	NC_024451	Armadillidium iridovirus	Iridoviridae	Iridoviridae	Betairidovirinae	Iridovirus	Opisthokonta	Malacostraca	Armadillidium vulgare		203	220222	#cc5a00	Betairidovirinae	220222	203	1	ncldv	complete;refseq	1	Invertebrate iridescent virus 31	invertebrates	arthopod	1	203	220222	2	54	76	15	48	132
I40	Invertebrate iridescent virus 6	NC_003038	Invertebrate iridescent virus 6	Iridoviridae	Iridoviridae	Betairidovirinae	Iridovirus	Opisthokonta	Orthoptera; Lepidoptera	Acheta domesticus,Gryllus bimaculatus,Spodoptera frugiperda,Choristoneura fumiferana,Gryllus campestris,Chilo suppressalis		468	212482	#cc5a00	Betairidovirinae	212482	468	1	ncldv	complete;refseq	1	Invertebrate iridescent virus 6	invertebrates	arthopod	1	468	212482	2	62	80	13	45	144
I41	Shrimp hemocyte iridescent virus isolate 20141215	MF599468	Decapod iridovirus	Iridoviridae	Iridoviridae	Betairidovirinae	unclassified iridovirus	Opisthokonta	Malacostraca			170	165809	#cc5a00	Decapod iridovirus	165809	170	NA	ncldv		1			arthopod	1	170	165809	0	93	57	7	22	150
I42	Cherax quadricarinatus iridovirus	NC_040612	Decapod iridovirus	Iridoviridae	Iridoviridae		unclassified iridovirus	Opisthokonta	Malacostraca	Cherax quadricarinatus		178	165695	#cc5a00	Decapod iridovirus	165695	178	1	ncldv	complete;refseq	1	Cherax quadricarinatus iridovirus		arthopod	1	178	165695	0	93	59	6	19	152
MR01	Cannes 8 virus	KF261120	Marseilleviridae A	Marseilleviridae	Marseilleviridae		A	Amoebozoa	Discosea	Acanthamoeba castellanii		483	374041	#4AC3CA	Marseilleviridae A	NA	NA	1	ncldv	Guglie	1	unclassified Marseillevirus	Longamoebia; Acanthamoebidae; Acanthamoeba	amoeba	1	483	374041	0	258	130	40	128	388
MR02	Marseillevirus marseillevirus	NC_013756	Marseilleviridae A	Marseilleviridae	Marseilleviridae		A	Amoebozoa	Discosea	Acanthamoeba,Acanthamoeba castellanii,Acanthamoeba polyphaga		428	368454	#4AC3CA	Marseilleviridae A	368454	428	1	ncldv	complete;refseq	1	Marseillevirus marseillevirus strain T19	protozoa	amoeba	1	428	368454	0	210	122	33	104	332
MR03	Marseillevirus Shangai isolate 1	MG827395	Marseilleviridae A	Marseilleviridae	Marseilleviridae		A	Amoebozoa	Discosea	unknown		472	368078	#4AC3CA	Marseilleviridae A	NA	NA	NA	ncldv	Fado	1			amoeba	1	472	368078	0	245	124	39	116	369
MR04	Melbournevirus	NC_025412	Marseilleviridae A	Marseilleviridae	Marseilleviridae		A	Amoebozoa	Discosea	Acanthamoeba castellanii		403	369360	#4AC3CA	Marseilleviridae A	369360	403	1	ncldv	complete;refseq	1	Melbournevirus	protozoa	amoeba	1	403	369360	0	199	122	35	109	321
MR05	Tokyovirus A1	NC_030230	Marseilleviridae A	Marseilleviridae	Marseilleviridae		A	Amoebozoa	Discosea	Acanthamoeba castellanii		470	372707	#4AC3CA	Marseilleviridae A	372707	470	1	ncldv	complete;refseq	1	Tokyovirus A1	protozoa	amoeba	1	470	372707	0	234	128	35	105	362
MR06	Kurlavirus	KY073338	Marseilleviridae B	Marseilleviridae	Marseilleviridae		B	Amoebozoa	Discosea	Acanthamoeba castellanii		386	361368	#4AC3CA	Marseilleviridae B	NA	NA	NA	ncldv	Fado	1			amoeba	1	386	361368	0	197	116	31	102	313
MR07	Lausannevirus	NC_015326	Marseilleviridae B	Marseilleviridae	Marseilleviridae		B	Amoebozoa	Discosea	Acanthamoeba castellanii		444	346754	#4AC3CA	Marseilleviridae B	346754	444	1	ncldv	complete;refseq	1	Lausannevirus	protozoa	amoeba	1	444	346754	0	239	123	30	96	362
MR08	Noumeavirus	NC_033775	Marseilleviridae B	Marseilleviridae	Marseilleviridae		B	Amoebozoa	Discosea	Acanthamoeba castellanii		452	376207	#4AC3CA	Marseilleviridae B	376207	452	1	ncldv	complete;refseq	1	Noumeavirus	protozoa	amoeba	1	452	376207	0	242	124	34	116	366
MR09	Port-miou virus	KT428292	Marseilleviridae B	Marseilleviridae	Marseilleviridae		B	Amoebozoa	Discosea			410	349275	#4AC3CA	Marseilleviridae B	NA	NA	1	ncldv	Guglie	1			amoeba	1	410	349275	0	219	120	27	91	339
MR10	Insectomime virus	KF527888	Marseilleviridae C	Marseilleviridae	Marseilleviridae		C	Amoebozoa	Discosea	Acanthamoeba polyphaga		477	386631	#4AC3CA	Marseilleviridae C	NA	NA	NA	ncldv	Fado	1			amoeba	1	477	386631	0	251	125	45	141	376
MR11	Tunisvirus fontaine2	NC_038511	Marseilleviridae C	Marseilleviridae	Marseilleviridae		C	Amoebozoa	Discosea	Acanthamoeba sp.		484	380011	#4AC3CA	Marseilleviridae C	380011	484	1	ncldv	complete;refseq	1	Tunisvirus		amoeba	1	484	380011	0	252	125	47	140	377
MR12	Brazilian marseillevirus	NC_029692	Marseilleviridae D	Marseilleviridae	Marseilleviridae		D	Amoebozoa	Discosea	Acanthamoeba castellanii		491	362276	#4AC3CA	Marseilleviridae D	362276	491	1	ncldv	complete;refseq	1	Brazilian marseillevirus	protozoa	amoeba	1	491	362276	1	226	127	44	133	354
MR13	Golden Marseillevirus	NC_031465	Marseilleviridae E	Marseilleviridae	Marseilleviridae		E	Amoebozoa	Discosea	Acanthamoeba sp.		296	360610	#4AC3CA	Marseilleviridae E	360610	296	1	ncldv	complete;refseq	1	Golden Marseillevirus	invertebrates	amoeba	1	296	360610	1	106	100	25	68	207
MI01	Cafeteria roenbergensis virus BV-PW1	NC_014637	Cafeteriavirus	Mimiviridae	Mimiviridae		Cafeteriavirus	SAR	Bicosoecida	Cafeteria roenbergensis		544	617453	#00ff48	Cafeteriavirus	617453	544	1	ncldv	complete;refseq	1	Cafeteria roenbergensis virus	protozoa	stramenopile	1	544	617453	10	67	167	46	148	244
MI02	Faunusvirus FNV1	MK072132,MK072133,MK072134,MK072135,MK072136,MK072137,MK072138,MK072139,MK072140,MK072141,MK072142,MK072143,MK072144,MK072145,MK072146,MK072147,MK072148,MK072149,MK072150,MK072151,MK072152,MK072153,MK072154,MK072155,MK072156,MK072157,MK072158,MK072159,MK072160,MK072161,MK072162,MK072163,MK072164,MK072165,MK072166,MK072167,MK072168,MK072169,MK072170,MK072171,MK072172,MK072173,MK072174,MK072175,MK072176,MK072177,MK072178,MK072179,MK072180,MK072181,MK072182,MK072183,MK072184,MK072185,MK072186,MK072187,MK072188,MK072189,MK072190,MK072191,MK072192,MK072193,MK072194,MK072195,MK072196,MK072197,MK072198	Faunusvirus	Mimiviridae	Mimiviridae		Cafeteriavirus		unknown(metagenomic)			883	812113	#00ff48	Cafeteriavirus	NA	838	67	ncldv	Soil-gv	67	FNV1		environment	67	883	812113	33	54	148	70	385	235
MI03	cPacV-1605	CABVLZ010000001,CABVLZ010000002,CABVLZ010000003,CABVLZ010000004,CABVLZ010000005,CABVLZ010000006,CABVLZ010000007,CABVLZ010000008,CABVLZ010000009,CABVLZ010000010,CABVLZ010000011,CABVLZ010000012,CABVLZ010000013,CABVLZ010000014	cPacV1605	Mimiviridae	Mimiviridae		PPVCafe		unknown(metagenomic)			1549	1605493	#00ff48	CafetPPVC	1605493	1549	14	ncldv	NeedhamB	14				14	1549	1605493	38	159	323	124	380	520
MI04	mPacV-611	MN448284,MN448285,MN448286,MN448287,MN448288,MN448289,MN448290	mPacV611	Mimiviridae	Mimiviridae		PPVCafe		unknown(metagenomic)			571	610889	#00ff48	CafetPPVC	610889	574	7	ncldv	NeedhamB	7				7	571	610889	8	70	200	37	93	278
MI05	oPacV-662	MN448266,MN448267,MN448268,MN448269,MN448270,MN448271,MN448272,MN448273,MN448274,MN448275,MN448276,MN448277,MN448278,MN448279,MN448280,MN448281,MN448282,MN448283	oPacV662	Mimiviridae	Mimiviridae		PPVCafe		unknown(metagenomic)			632	662110	#00ff48	CafetPPVC	662110	635	18	ncldv	NeedhamB	18				18	632	662110	10	40	175	42	112	225
MI06	Bodo saltans virus strain NG1	MF782455	Bodo virus	Mimiviridae	Mimiviridae	Klosneuvirus	Klosneuvirinae	Discoba	Eubodonida	Bodo saltans		1207	1385869	#00ff48	Bodo virus	NA	NA	1	ncldv		1		protozoa	protists	1	1207	1385869	34	105	213	101	506	352
MI07	Yasminevirus	UPSH01000001,UPSH01000002	Yasminevirus	Mimiviridae	Mimiviridae	Klosneuvirus	Klosneuvirinae	Amoebozoa	Tubulinea			1541	2126343	#00ff48	Yasminevirus	NA	NA	NA	ncldv	Fado	2			amoeba	2	1541	2126343	24	222	297	132	405	543
MI09	Catovirus	KY684083,KY684084	Catovirus	Mimiviridae	Mimiviridae	Klosneuvirus			unknown(metagenomic)		wastewater	NA	NA	#00ff48	NA	NA	NA	NA			2				2	1427	1532259	57	188	257	139	467	502
MI14	Hokovirus	KY684103,KY684104,KY684105,KY684106,KY684107	Hokovirus	Mimiviridae	Mimiviridae	Klosneuvirus			unknown(metagenomic)		wastewater	NA	NA	#00ff48	NA	NA	NA	NA			5				5	1022	1326229	40	124	212	108	388	376
MI17	Indivirus	KY684102,KY684101,KY684100,KY684099,KY684098,KY684097,KY684096,KY684095,KY684094,KY684093,KY684092,KY684091,KY684090,KY684089,KY684088,KY684087,KY684086,KY684085	Indivirus	Mimiviridae	Mimiviridae	Klosneuvirus			unknown(metagenomic)		animal	NA	NA	#00ff48	NA	NA	NA	NA			18				18	744	861511	9	192	217	60	186	418
MI18	Klosneuvirus	KY684108,KY684109,KY684110,KY684111,KY684112,KY684113,KY684114,KY684115,KY684116,KY684117,KY684118,KY684119,KY684120,KY684121,KY684122,KY684123	Klosneuvirus	Mimiviridae	Mimiviridae	Klosneuvirus			unknown(metagenomic)		wastewater	NA	1545	#00ff48	1573084	NA	NA	NA			16				16	1545	1573084	38	305	289	154	510	632
MI22	Megavirus chiliensis	NC_016072	Megavirus	Mimiviridae	Mimiviridae	Megavirus	Mimivirus	Amoebozoa	Discosea	Acanthamoeba castellanii,Acanthamoeba polyphaga,Acanthamoeba griffini		1120	1259197	#00ff48	Megavirus	1259197	1120	1	ncldv	complete;refseq	1	Megavirus chiliensis	protozoa;vertebrates	amoeba	1	1120	1259197	0	584	252	105	369	836
MI23	Megavirus courdo11	JX975216	Megavirus	Mimiviridae	Mimiviridae	Megavirus	Mimivirus	Amoebozoa	Discosea	Amoeba		1217	1246126	#00ff48	Megavirus	NA	NA	1	ncldv	complete	1	unclassified Mimivirus	NA Amoebidae	amoeba	1	1217	1246126	0	636	251	124	417	887
MI24	Megavirus lba	JX885207	Megavirus	Mimiviridae	Mimiviridae	Megavirus	Mimivirus	Amoebozoa	Discosea	Amoeba		1176	1230522	#00ff48	Megavirus	NA	NA	1	ncldv	complete	1	unclassified Mimivirus	NA Amoebidae	amoeba	1	1176	1230522	0	619	251	111	383	870
MI25	Megavirus courdo7	JN885990,JN885991,JN885992,JN885993,JQ063126	Megavirus	Mimiviridae	Mimiviridae	Megavirus		Amoebozoa	Discosea			1144	1006779	#00ff48	Megavirus	NA	NA	5	ncldv	Tupanvirus	5			amoeba	5	1144	1006779	0	555	223	104	322	778
MI26	Acanthamoeba castellanii mamavirus	JF801956	Mimivirus	Mimiviridae	Mimiviridae	Mimivirus	Mimivirus	Amoebozoa	Discosea	Acanthamoeba castellanii		988	1191693	#00ff48	Mimivirus	NA	NA	1	ncldv	Tupanvirus	1	unclassified Mimivirus	Longamoebia; Acanthamoebidae; Acanthamoeba	amoeba	1	988	1191693	0	546	224	76	261	770
MI27	Acanthamoeba polyphaga mimivirus	NC_014649	Mimivirus	Mimiviridae	Mimiviridae	Mimivirus	Mimivirus	Amoebozoa	Discosea	Acanthamoeba castellanii,Acanthamoeba polyphaga		979	1181549	#00ff48	Mimivirus	1181549	979	1	ncldv	complete;refseq	1	Acanthamoeba polyphaga mimivirus	protozoa;vertebrates	amoeba	1	979	1181549	0	553	226	79	264	779
MI28	Acanthamoeba polyphaga lentillevirus	AFYC01000001,AFYC01000002,AFYC01000003,AFYC01000004,AFYC01000005,AFYC01000006,AFYC01000007,AFYC01000008,AFYC01000009,AFYC01000010	Mimivirus	Mimiviridae	Mimiviridae	Mimivirus		Amoebozoa	Discosea			807	1193433	#00ff48	Mimivirus	NA	NA	10	ncldv	Tupanvirus	10			amoeba	10	807	1193433	0	424	214	69	232	638
MI29	Hirudovirus strain Sangsue	KF493731	Mimivirus	Mimiviridae	Mimiviridae	Mimivirus		Amoebozoa	Discosea			992	1181042	#00ff48	Mimivirus	NA	NA	1	ncldv	Tupanvirus	1			amoeba	1	992	1181042	0	564	225	80	270	789
MI30	Samba virus	KF959826.2	Mimivirus	Mimiviridae	Mimiviridae	Mimivirus		Amoebozoa	Discosea			971	1181380	#00ff48	Mimivirus	NA	NA	1	ncldv	Tupanvirus	1			amoeba	1	971	1181380	0	549	224	84	278	773
MI33	Acanthamoeba polyphaga moumouvirus	NC_020104	Moumouvirus	Mimiviridae	Mimiviridae	Moumouvirus	Moumouvirus	Amoebozoa	Discosea	Acanthamoeba polyphaga		894	1021348	#00ff48	Moumouvirus	1021348	894	1	ncldv	complete;refseq	1	Acanthamoeba polyphaga moumouvirus	protozoa;vertebrates	amoeba	1	894	1021348	0	448	226	94	279	674
MI34	Moumouvirus australiensis	MG807320	Moumouvirus	Mimiviridae	Mimiviridae	Moumouvirus	Moumouvirus	Amoebozoa	Discosea	Acanthamoeba castellanii		900	1098002	#00ff48	Moumouvirus	1098002	NA	1	ncldv	complete	1	NA		amoeba	1	900	1098002	2	418	230	86	295	650
MI35	Moumouvirus goulette	KC008572	Moumouvirus	Mimiviridae	Mimiviridae	Moumouvirus	Moumouvirus	Amoebozoa	Discosea	Amoeba		970	1016844	#00ff48	Moumouvirus	NA	NA	1	ncldv	Tupanvirus	1			amoeba	1	970	1016844	0	469	234	95	302	703
MI36	Moumouvirus Monve	JN885994,JN885995,JN885996,JN885997,JN885998,JN885999,JN886000,JN886001,JF979181,JQ063160,JQ063140,JQ063129	Moumouvirus	Mimiviridae	Mimiviridae	Moumouvirus	Moumouvirus	Amoebozoa	Discosea			1133	1008122	#00ff48	Moumouvirus	NA	NA	7	ncldv	Tupanvirus	7			amoeba	12	1160	1030046	1	508	231	110	332	740
MI37	Tupanvirus deep ocean	MF405918	Tupanvirus	Mimiviridae	Mimiviridae	Tupanvirus	Tupanvirus	Amoebozoa	Discosea; Tubulinea	Acanthamoeba castellanii,Vermamoeba vermiformis		1276	1439508	#00ff48	Tupanvirus	NA	NA	1	ncldv	Tupanvirus	1			amoeba	1	1276	1439508	4	713	280	97	286	997
MI38	Tupanvirus isolate soda lake	KY523104	Tupanvirus	Mimiviridae	Mimiviridae	Tupanvirus	Tupanvirus	Amoebozoa	Discosea; Tubulinea	Acanthamoeba castellanii,Vermamoeba vermiformis		1359	1516267	#00ff48	Tupanvirus	NA	NA	1	ncldv	Tupanvirus	1			amoeba	1	1359	1516267	1	733	296	97	295	1030
MP01	Aureococcus anophagefferens virus	NC_024697	Aureococcus virus	Mimiviridae	Mimiviridae-P	Aureococcus virus		SAR	Pelagophyceae	Aureococcus anophagefferens		376	370920	#99ffb6	Aureococcus virus	370920	376	1	ncldv	complete;refseq	1	Aureococcus anophagefferens virus	algae	unicellular algae	1	376	370920	10	6	122	28	109	138
MP02	ChoanoV1	MK250085,MK250086,MK250087,MK250088,MK250089,MK250090,MK250091,MK250092,MK250093,MK250094,MK250095	Choanovirus	Mimiviridae	Mimiviridae-P	Choanovirus		Opisthokonta	Choanoflagellata	Bicosta minor		861	875401	#00ff48	Choanovirus	NA	NA	11	ncldv		11				11	861	875401	9	26	277	47	137	312
MP03	Haptolina (Chrysochromulina) ericina virus	NC_028094	Haptolina virus	Mimiviridae	Mimiviridae-P	Haptolina virus	OLPG	Haptista	Prymnesiales	Haptolina ericina		512	473558	#99ffb6	Haptolina virus	473558	512	1	ncldv	complete;refseq	1	Chrysochromulina ericina virus	algae	unicellular algae	1	512	473558	7	72	165	36	95	244
MP04	oPacV-421	MN448291,MN448292,MN448293,MN448294,MN448295,MN448296,MN448297,MN448298,MN448299,MN448300,MN448301,MN448302,MN448303	oPacV421	Mimiviridae	Mimiviridae-P	OLPG	OLPG		unknown(metagenomic)			429	420509	#99ffb6	OLPV	420509	429	13	ncldv	NeedhamB	13				13	429	420509	3	58	138	22	50	199
MP05	Organic lake phycodnavirus 1	HQ704802	Organic lake phycodnavirus	Mimiviridae	Mimiviridae-P	OLPV	unclassified Phycodnavirus		unknown(metagenomic)			401	344723	#99ffb6	OLPV	NA	NA	1	ncldv	Koonin	1			environment	1	401	344723	8	92	130	48	119	230
MP06	Organic lake phycodnavirus 2	HQ704803	Organic lake phycodnavirus	Mimiviridae	Mimiviridae-P	OLPV	unclassified Phycodnavirus		unknown(metagenomic)			326	282077	#99ffb6	OLPV	NA	NA	1	ncldv	Koonin	1			environment	1	326	282077	1	87	124	26	54	212
MP07	Phaeocystis globosa virus	NC_021312	Phaeocystis virus	Mimiviridae	Mimiviridae-P	Phaeocystis virus	OLPG	Haptista	Phaeocystales	Phaeocystis globosa		434	459984	#99ffb6	Phaeocystis virus	459984	434	1	ncldv	complete;refseq	1	Prymnesiovirus	algae	unicellular algae	1	434	459984	6	71	161	37	96	238
MP08	Pyramimonas orientalis virus	MT663534,MT663535,MT663536,MT663537,MT663538,MT663539,MT663540,MT663541,MT663542,MT663543	Pyramimonas virus	Mimiviridae	Mimiviridae-P	Pyramimonas virus	Pyramimonas virus	Archaeplastida	Pyramimonadales	Pyramimonas orientalis		510	540029	#99ffb6	Pyramimonas virus	NA	NA	NA	ncldv	rozenburgcurbio	10	Pyramimonas orientalis virus clone POV01B	algae	unicellular algae	10	510	540029	10	24	151	40	110	185
MP09	Tetraselmis virus 1	KY322437	Tetraselmis virus	Mimiviridae	Mimiviridae-P	Tetraselmis virus	Tetraselmis virus	Archaeplastida	Chlorodendrophyceae	Tetraselmis sp.		653	668031	#99ffb6	Tetraselmis virus	668031	653	1	ncldv	ref	1		algae	unicellular algae	1	653	668031	16	17	149	35	100	182
PN01	Mollivirus sibericum	NC_027867	Mollivirus	Phycodnaviridae	Pandoraviridae	Mollivirus		Amoebozoa	Discosea	Acanthamoeba castellanii		523	651523	#b6e800	Mollivirus	651523	523	1	ncldv	complete;refseq	1	Mollivirus sibericum	protozoa	amoeba	1	523	651523	21	46	88	41	125	155
PN02	Pandoravirus dulcis	NC_021858	Pandoravirus	Phycodnaviridae	Pandoraviridae	Pandoravirus	Pandoravirus	Amoebozoa	Discosea	Acanthamoeba castellanii		1070	1908524	#b6e800	Pandoravirus	1908524	1070	1	ncldv	complete;refseq	1	Pandoravirus dulcis	protozoa	amoeba	1	1070	1908524	1	689	128	83	214	818
PN03	Pandoravirus inopinatum	NC_026440	Pandoravirus	Phycodnaviridae	Pandoraviridae	Pandoravirus	Pandoravirus	Amoebozoa	Discosea	Acanthamoeba sp.		1839	2243109	#b6e800	Pandoravirus	2243109	1839	1	ncldv	complete;refseq	1	Pandoravirus inopinatum	protozoa	amoeba	1	1839	2243109	6	782	119	129	353	907
PN04	Pandoravirus macleodensis	NC_037665	Pandoravirus	Phycodnaviridae	Pandoraviridae	Pandoravirus	Pandoravirus	Amoebozoa	Discosea	Acanthamoeba sp.		926	1838258	#b6e800	Pandoravirus	1838258	926	1	ncldv	complete;refseq	1	Pandoravirus macleodensis	protozoa	amoeba	1	926	1838258	1	660	124	52	144	785
PN05	Pandoravirus neocaledonia	NC_037666	Pandoravirus	Phycodnaviridae	Pandoraviridae	Pandoravirus	Pandoravirus	Amoebozoa	Discosea	Acanthamoeba sp.		1081	2003191	#b6e800	Pandoravirus	2003191	1081	1	ncldv	complete;refseq	1	Pandoravirus neocaledonia	protozoa	amoeba	1	1081	2003191	2	714	122	63	188	838
PN06	Pandoravirus quercus	NC_037667	Pandoravirus	Phycodnaviridae	Pandoraviridae	Pandoravirus	Pandoravirus	Amoebozoa	Discosea	Acanthamoeba sp.		1185	2077288	#b6e800	Pandoravirus	2077288	1185	1	ncldv	complete;refseq	1	Pandoravirus quercus	protozoa	amoeba	1	1185	2077288	6	798	122	97	273	926
PN07	Pandoravirus salinus	NC_022098	Pandoravirus	Phycodnaviridae	Pandoraviridae	Pandoravirus	Pandoravirus	Amoebozoa	Discosea	Acanthamoeba castellanii		1430	2473870	#b6e800	Pandoravirus	2473870	1430	1	ncldv	complete;refseq	1	Pandoravirus salinus	protozoa	amoeba	1	1430	2473870	14	850	135	112	336	999
PY01	Bathycoccus sp. RCC1105 virus BpV1	NC_014765	Bathycoccus virus	Phycodnaviridae	Phycodnaviridae	Bathycoccus virus	Prasinovirus	Archaeplastida	Bathycoccus	Bathycoccus prasinos RCC1105		203	198519	#2b8720	Bathycoccus virus	198519	203	1	ncldv	complete;refseq	1	Bathycoccus sp. RCC1105 virus BpV	algae	unicellular algae	1	203	198519	0	91	86	9	21	177
PY02	Bathycoccus sp. RCC1105 virus BpV2	HM004430	Bathycoccus virus	Phycodnaviridae	Phycodnaviridae	Bathycoccus virus	Prasinovirus	Archaeplastida	Bathycoccus	Bathycoccus		210	187069	#2b8720	Bathycoccus virus	187069	NA	1	ncldv	complete	1	Bathycoccus sp. RCC1105 virus BpV	algae	unicellular algae	1	210	187069	1	91	88	10	24	180
PY03	Acanthocystis turfacea chlorella virus 1	NC_008724	Chlorovirus	Phycodnaviridae	Phycodnaviridae	Chlorovirus	Chlorovirus	Archaeplastida	Trebouxiophyceae	Chlorella heliozoae		860	288047	#2b8720	Chlorovirus	288047	860	1	ncldv	complete;refseq	1	Acanthocystis turfacea chlorella virus 1	algae	unicellular algae	1	860	288047	10	242	108	36	88	360
PY04	Only Syngen Nebraska virus 5	NC_032001	Chlorovirus	Phycodnaviridae	Phycodnaviridae	Chlorovirus	Chlorovirus	Archaeplastida	Trebouxiophyceae	Chlorella variabilis		357	327147	#2b8720	Chlorovirus	327147	357	1	ncldv	complete;refseq	1	Only Syngen Nebraska virus 5	algae	unicellular algae	1	357	327147	0	185	115	21	60	300
PY05	Paramecium bursaria Chlorella virus 1	NC_000852	Chlorovirus	Phycodnaviridae	Phycodnaviridae	Chlorovirus	Chlorovirus	Archaeplastida	Trebouxiophyceae	Chlorella,Chlorella variabilis		802	330611	#2b8720	Chlorovirus	330611	802	1	ncldv	complete;refseq	1	Paramecium bursaria Chlorella virus 1	algae	unicellular algae	1	802	330611	4	343	116	33	94	463
PY06	Paramecium bursaria Chlorella virus AR158	NC_009899	Chlorovirus	Phycodnaviridae	Phycodnaviridae	Chlorovirus	Chlorovirus	Archaeplastida	Trebouxiophyceae	Chlorella variabilis		814	344691	#2b8720	Chlorovirus	344691	814	1	ncldv	complete;refseq	1	Paramecium bursaria Chlorella virus AR158	algae	unicellular algae	1	814	344691	3	529	115	37	106	647
PY07	Paramecium bursaria Chlorella virus FR483	NC_008603	Chlorovirus	Phycodnaviridae	Phycodnaviridae	Chlorovirus	Chlorovirus	Archaeplastida	Trebouxiophyceae	Micractinium conductrix		849	321240	#2b8720	Chlorovirus	321240	849	1	ncldv	complete;refseq	1	Paramecium bursaria Chlorella virus A1	algae	unicellular algae	1	849	321240	6	532	100	35	99	638
PY08	Paramecium bursaria chlorella virus MT325	DQ491001	Chlorovirus	Phycodnaviridae	Phycodnaviridae	Chlorovirus	Chlorovirus	Archaeplastida	Trebouxiophyceae	Chlorella		845	314335	#2b8720	Chlorovirus	314335	NA	1	ncldv	complete	1	Paramecium bursaria Chlorella virus A1	algae	unicellular algae	1	845	314335	2	531	102	27	82	635
PY09	Paramecium bursaria Chlorella virus NY2A	NC_009898	Chlorovirus	Phycodnaviridae	Phycodnaviridae	Chlorovirus	Chlorovirus	Archaeplastida	Trebouxiophyceae	Chlorella,Chlorella variabilis		886	368683	#2b8720	Chlorovirus	368683	886	1	ncldv	complete;refseq	1	Paramecium bursaria Chlorella virus NY2A	algae	unicellular algae	1	886	368683	11	511	116	55	167	638
PY10	Paramecium bursaria Chlorella virus NYs1	NC_043235,NC_043236	Chlorovirus	Phycodnaviridae	Phycodnaviridae	Chlorovirus	Chlorovirus	Archaeplastida	Trebouxiophyceae	Paramecium bursaria,Chlorella variabilis		377	349604	#2b8720	Chlorovirus	NA	NA	2	ncldv	complete;refseq	2		Ciliophora; Intramacronucleata; Paramecium	unicellular algae	2	377	349604	0	178	113	32	104	291
PY11	Emiliania huxleyi virus 145	KF481686	Coccolithovirus	Phycodnaviridae	Phycodnaviridae	Coccolithovirus	Coccolithovirus	Haptista	Isochrysidales	Emiliania huxleyi		547	399873	#2b8720	Coccolithovirus	397508	548	1	ncldv	Coccolithoviruses	1		algae	unicellular algae	1	547	399873	0	414	67	24	54	481
PY12	Emiliania huxleyi virus 156	KF481687	Coccolithovirus	Phycodnaviridae	Phycodnaviridae	Coccolithovirus	Coccolithovirus	Haptista	Isochrysidales	Emiliania huxleyi		492	400341	#2b8720	Coccolithovirus	399344	493	1	ncldv	Coccolithoviruses	1		algae	unicellular algae	1	492	400341	0	382	72	21	49	454
PY13	Emiliania huxleyi virus 164	KF481688	Coccolithovirus	Phycodnaviridae	Phycodnaviridae	Coccolithovirus	Coccolithovirus	Haptista	Isochrysidales	Emiliania huxleyi		508	401558	#2b8720	Coccolithovirus	400675	510	1	ncldv	Coccolithoviruses	1		algae	unicellular algae	1	508	401558	0	403	66	16	39	469
PY14	Emiliania huxleyi virus 18	KF481685	Coccolithovirus	Phycodnaviridae	Phycodnaviridae	Coccolithovirus	Coccolithovirus	Haptista	Isochrysidales	Emiliania huxleyi		503	400762	#2b8720	Coccolithovirus	399651	503	1	ncldv	Coccolithoviruses	1		algae	unicellular algae	1	503	400762	0	385	73	20	48	458
PY15	Emiliania huxleyi virus 201	JF974311	Coccolithovirus	Phycodnaviridae	Phycodnaviridae	Coccolithovirus	Coccolithovirus	Haptista	Isochrysidales	Emiliania huxleyi		447	407301	#2b8720	Coccolithovirus	407301	451	1	ncldv	Coccolithoviruses	1		algae	unicellular algae	1	447	407301	0	368	67	7	19	435
PY16	Emiliania huxleyi virus 202	HQ634145	Coccolithovirus	Phycodnaviridae	Phycodnaviridae	Coccolithovirus	Coccolithovirus	Haptista	Isochrysidales	Emiliania huxleyi		484	407516	#2b8720	Coccolithovirus	407516	485	1	ncldv	Coccolithoviruses	1		algae	unicellular algae	1	484	407516	0	375	72	16	38	447
PY17	Emiliania huxleyi virus 203	JF974291	Coccolithovirus	Phycodnaviridae	Phycodnaviridae	Coccolithovirus	Coccolithovirus	Haptista	Isochrysidales	Emiliania huxleyi		461	400520	#2b8720	Coccolithovirus	400520	464	1	ncldv	Coccolithoviruses	1		algae	unicellular algae	1	461	400520	0	373	67	13	31	440
PY18	Emiliania huxleyi virus 207	JF974317	Coccolithovirus	Phycodnaviridae	Phycodnaviridae	Coccolithovirus	Coccolithovirus	Haptista	Isochrysidales	Emiliania huxleyi		468	421891	#2b8720	Coccolithovirus	421891	473	1	ncldv	Coccolithoviruses	1		algae	unicellular algae	1	468	421891	0	374	68	12	32	442
PY19	Emiliania huxleyi virus 208	JF974318	Coccolithovirus	Phycodnaviridae	Phycodnaviridae	Coccolithovirus	Coccolithovirus	Haptista	Isochrysidales	Emiliania huxleyi		448	411003	#2b8720	Coccolithovirus	411003	455	1	ncldv	Coccolithoviruses	1		algae	unicellular algae	1	448	411003	0	361	67	10	27	428
PY20	Emiliania huxleyi virus 84	JF974290	Coccolithovirus	Phycodnaviridae	Phycodnaviridae	Coccolithovirus	Coccolithovirus	Haptista	Isochrysidales	Emiliania huxleyi		464	396620	#2b8720	Coccolithovirus	396620	482	1	ncldv	Coccolithoviruses	1		algae	unicellular algae	1	464	396620	0	373	65	7	20	438
PY21	Emiliania huxleyi virus 86	NC_007346	Coccolithovirus	Phycodnaviridae	Phycodnaviridae	Coccolithovirus	Coccolithovirus	Haptista	Isochrysidales	Emiliania huxleyi		472	407339	#2b8720	Coccolithovirus	407339	472	1	ncldv	complete;refseq	1	Emiliania huxleyi virus 86	algae	unicellular algae	1	472	407339	0	390	66	7	21	456
PY22	Emiliania huxleyi virus 88	JF974310	Coccolithovirus	Phycodnaviridae	Phycodnaviridae	Coccolithovirus	Coccolithovirus	Haptista	Isochrysidales	Emiliania huxleyi		473	397298	#2b8720	Coccolithovirus	397298	475	1	ncldv	Coccolithoviruses	1		algae	unicellular algae	1	473	397298	0	392	66	7	20	458
PY23	Emiliania huxleyi virus 99B1	FN429076	Coccolithovirus	Phycodnaviridae	Phycodnaviridae	Coccolithovirus	Coccolithovirus	Haptista	Isochrysidales	Emiliania huxleyi		444	376759	#2b8720	Coccolithovirus	376759	444	1	ncldv	Coccolithoviruses	1		algae	unicellular algae	1	444	376759	0	352	65	10	28	417
PY24	Acanthamoeba castellanii medusavirus	AP018495	Medusavirus	Phycodnaviridae	Phycodnaviridae	Medusavirus		Amoebozoa	Discosea	Acanthamoeba castellanii		461	381277	#2b8720	Medusavirus	NA	NA	NA	ncldv	Medu	1			amoeba	1	461	381277	19	1	98	37	97	118
PY25	Micromonas pusilla virus 12T	NC_020864	Micromonas pusilla virus	Phycodnaviridae	Phycodnaviridae	Micromonas virus	Prasinovirus	Archaeplastida	Micromonas	Micromonas pusilla		253	205622	#2b8720	Micromonas virus	205622	253	1	ncldv	complete;refseq	1	Micromonas pusilla virus 12T	algae	unicellular algae	1	253	205622	1	95	93	10	24	189
PY26	Micromonas sp. RCC1109 virus MpV1	NC_014767	Micromonas RCC1109 virus	Phycodnaviridae	Phycodnaviridae	Micromonas virus	Prasinovirus	Archaeplastida	Micromonas	Micromonas pusilla		244	184095	#2b8720	Micromonas virus	184095	244	1	ncldv	complete;refseq	1	Micromonas sp. RCC1109 virus MpV1	algae	unicellular algae	1	244	184095	1	100	98	10	23	199
PY27	Ostreococcus lucimarinus virus 1	NC_014766	Ostreococcus virus	Phycodnaviridae	Phycodnaviridae	Ostreococcus virus	Prasinovirus	Archaeplastida	Ostreococcus	Ostreococcus sp. 'lucimarinus'		250	194022	#2b8720	Ostreococcus virus	194022	250	1	ncldv	complete;refseq	1	Ostreococcus lucimarinus virus 1	algae	unicellular algae	1	250	194022	0	123	100	16	36	223
PY28	Ostreococcus lucimarinus virus 2	NC_028091	Ostreococcus virus	Phycodnaviridae	Phycodnaviridae	Ostreococcus virus	Prasinovirus	Archaeplastida	Ostreococcus	Ostreococcus sp. 'lucimarinus'		269	196300	#2b8720	Ostreococcus virus	196300	269	1	ncldv	complete;refseq	1	Ostreococcus lucimarinus virus 2	algae	unicellular algae	1	269	196300	0	131	106	13	36	237
PY29	Ostreococcus lucimarinus virus 7	NC_028093	Ostreococcus virus	Phycodnaviridae	Phycodnaviridae	Ostreococcus virus	Prasinovirus	Archaeplastida	Ostreococcus	Ostreococcus sp. 'lucimarinus'		243	182309	#2b8720	Ostreococcus virus	182309	243	1	ncldv	complete;refseq	1	Ostreococcus lucimarinus virus 7	algae	unicellular algae	1	243	182309	0	120	100	14	36	220
PY30	Ostreococcus lucimarinus virus OlV5	NC_020852	Ostreococcus virus	Phycodnaviridae	Phycodnaviridae	Ostreococcus virus	Prasinovirus	Archaeplastida	Ostreococcus	Ostreococcus sp. 'lucimarinus'		251	186468	#2b8720	Ostreococcus virus	186468	251	1	ncldv	complete;refseq	1	Ostreococcus lucimarinus virus OlV5	algae	unicellular algae	1	251	186468	0	127	99	11	25	226
PY31	Ostreococcus mediterraneus virus 1	NC_028092	Ostreococcus virus	Phycodnaviridae	Phycodnaviridae	Ostreococcus virus	Prasinovirus	Archaeplastida	Ostreococcus	Ostreococcus mediterraneus		252	193301	#2b8720	Ostreococcus virus	193301	252	1	ncldv	complete;refseq	1	Ostreococcus mediterraneus virus 1	algae	unicellular algae	1	252	193301	0	124	99	14	33	223
PY32	Ostreococcus tauri virus 1	NC_013288	Ostreococcus virus	Phycodnaviridae	Phycodnaviridae	Ostreococcus virus	Prasinovirus	Archaeplastida	Ostreococcus	Ostreococcus tauri		230	191761	#2b8720	Ostreococcus virus	191761	230	1	ncldv	complete;refseq	1	Ostreococcus tauri virus 1	algae	unicellular algae	1	230	191761	0	115	95	11	25	210
PY33	Ostreococcus tauri virus 2	NC_014789	Ostreococcus virus	Phycodnaviridae	Phycodnaviridae	Ostreococcus virus	Prasinovirus	Archaeplastida	Ostreococcus	Ostreococcus tauri		237	184409	#2b8720	Ostreococcus virus	184409	237	1	ncldv	complete;refseq	1	Ostreococcus tauri virus 2	algae	unicellular algae	1	237	184409	0	119	97	10	25	216
PY34	Ostreococcus tauri virus OtV5	NC_010191	Ostreococcus virus	Phycodnaviridae	Phycodnaviridae	Ostreococcus virus	Prasinovirus	Archaeplastida	Ostreococcus	Ostreococcus tauri		247	186713	#2b8720	Ostreococcus virus	186713	247	1	ncldv	complete;refseq	1	Ostreococcus tauri virus OtV5	algae	unicellular algae	1	247	186713	0	127	100	13	30	227
PY35	Ectocarpus siliculosus virus 1	NC_002687	Phaeovirus	Phycodnaviridae	Phycodnaviridae	Phaeovirus	Phaeovirus	SAR	Phaeophyceae	Ectocarpus siliculosus		240	335593	#2b8720	Phaeovirus	335593	240	1	ncldv	complete;refseq	1	EsV	algae	multicellular algae	1	240	335593	9	46	44	15	44	99
PY36	Feldmannia irregularis virus a	NC_043242,NC_043243,NC_043244,NC_043245,NC_043246,NC_043247,NC_043248,NC_043249,NC_043250,NC_043251,NC_043252,NC_043253,NC_043254,NC_043255,NC_043256,NC_043257	Phaeovirus	Phycodnaviridae	Phycodnaviridae	Phaeovirus	Phaeovirus	SAR	Phaeophyceae	Feldmannia irregularis		156	191407	#2b8720	Phaeovirus	NA	NA	16	ncldv	complete;refseq	16		Phaeophyceae; Ectocarpales; Feldmannia	multicellular algae	16	156	191407	3	69	36	16	35	108
PY37	Feldmannia species virus	NC_011183	Phaeovirus	Phycodnaviridae	Phycodnaviridae	Phaeovirus	Phaeovirus	SAR	Phaeophyceae	Feldmannia		150	154641	#2b8720	Phaeovirus	154641	150	1	ncldv	complete;refseq	1	FsV	algae	multicellular algae	1	150	154641	3	66	38	7	22	107
PY42	Heterosigma akashiwo virus 01	NC_038553	Raphidovirus	Phycodnaviridae	Phycodnaviridae	Raphidovirus	Raphidovirus	SAR	Raphidophyceae	Heterosigma akashiwo		246	274793	#2b8720	Raphidovirus	274793	246	1	ncldv	complete;refseq	1	Heterosigma akashiwo virus 1 isolate HaV53	algae	unicellular algae	1	246	274793	7	1	68	25	72	76
PT01	Brazilian cedratvirus IHUMI	LT994651	Cedratvirus	Pithoviridae	Pithoviridae	Cedratvirus	cedratvirus	Amoebozoa	Discosea			533	460038	#50bd96	Cedratvirus	NA	NA	1	ncldv	Koonin	1			amoeba	1	533	460038	2	294	113	33	104	409
PT02	Cedratvirus A11	NC_032108	Cedratvirus	Pithoviridae	Pithoviridae	Cedratvirus	cedratvirus	Amoebozoa	Discosea			574	589068	#50bd96	Cedratvirus	589068	574	1	ncldv	complete;refseq	1	Cedratvirus lausanniensis	protozoa	amoeba	1	574	589068	0	352	119	38	118	471
PT03	Cedratvirus lausannensis	LT907979	Cedratvirus	Pithoviridae	Pithoviridae	Cedratvirus	cedratvirus	Amoebozoa	Discosea			643	575161	#50bd96	Cedratvirus	NA	NA	1	ncldv	Koonin	1			amoeba	1	643	575161	0	396	121	37	115	517
PT04	Cedratvirus Zaza IHUMI	LT994652	Cedratvirus	Pithoviridae	Pithoviridae	Cedratvirus	cedratvirus	Amoebozoa	Discosea			636	560887	#50bd96	Cedratvirus	NA	NA	1	ncldv	Koonin	1			amoeba	1	636	560887	0	398	121	42	125	519
PT05	Orpheovirus IHUMI-LCC2	NC_036594	Orpheovirus	Pithoviridae	Pithoviridae	Orpheovirus		Amoebozoa	Tubulinea	Vermamoeba vermiformis		1199	1473573	#50bd96	Orpheovirus	1473573	1199	1	ncldv	complete;refseq	1	Orpheovirus IHUMI-LCC2	algae	amoeba	1	1199	1473573	107	14	161	141	559	282
PT06	Pithovirus sibericum	NC_023423	Pithovirus	Pithoviridae	Pithoviridae	Pithovirus	Pithovirus	Amoebozoa	Discosea	Acanthamoeba castellanii		467	610033	#50bd96	Pithovirus	610033	467	1	ncldv	complete;refseq	1	Pithovirus sibericum	protozoa	amoeba	1	467	610033	19	78	103	40	177	200
P01	Canarypox virus	NC_005309	Avipoxvirus	Poxviridae	Poxviridae	Chordopoxvirinae	Avipoxvirus	Opisthokonta	Aves	Serinus		328	359853	#e0093b	Avipoxvirus	359853	328	1	ncldv	complete;refseq	1	Canarypox virus	vertebrates	vertebrate	1	328	359853	6	143	50	35	138	199
P02	Flamingopox virus FGPVKD09	NC_036582	Avipoxvirus	Poxviridae	Poxviridae	Chordopoxvirinae	Avipoxvirus	Opisthokonta	Aves	Gallus gallus,Phoenicoparrus minor		256	293123	#e0093b	Avipoxvirus	293123	256	1	ncldv	complete;refseq	1	Flamingopox virus FGPVKD09	vertebrates	vertebrate	1	256	293123	0	145	48	34	146	193
P03	Fowlpox virus	NC_002188	Avipoxvirus	Poxviridae	Poxviridae	Chordopoxvirinae	Avipoxvirus	Opisthokonta	Aves	Gallus gallus,Meleagris gallopavo		261	288539	#e0093b	Avipoxvirus	288539	261	1	ncldv	complete;refseq	1	Fowlpox virus	vertebrates	vertebrate	1	261	288539	3	142	44	34	126	189
P04	Penguinpox virus	NC_024446	Avipoxvirus	Poxviridae	Poxviridae	Chordopoxvirinae	Avipoxvirus	Opisthokonta	Aves	Spheniscus demersus		242	306862	#e0093b	Avipoxvirus	306862	242	1	ncldv	complete;refseq	1	Penguinpox virus	vertebrates	vertebrate	1	242	306862	0	138	46	28	106	184
P05	Pigeonpox virus	NC_024447	Avipoxvirus	Poxviridae	Poxviridae	Chordopoxvirinae	Avipoxvirus	Opisthokonta	Aves	Columba livia		224	282356	#e0093b	Avipoxvirus	282356	224	1	ncldv	complete;refseq	1	Pigeonpox virus	vertebrates	vertebrate	1	224	282356	0	133	43	26	95	176
P06	Turkeypox virus	NC_028238	Avipoxvirus	Poxviridae	Poxviridae	Chordopoxvirinae	Avipoxvirus	Opisthokonta	Aves	Meleagris gallopavo		171	188534	#e0093b	Avipoxvirus	188534	171	1	ncldv	complete;refseq	1	Turkeypox virus	vertebrates	vertebrate	1	171	188534	0	103	42	20	62	145
P07	Nile crocodilepox virus	NC_008030	Crocodylidpoxvirus	Poxviridae	Poxviridae	Chordopoxvirinae	Crocodylidpoxvirus	Opisthokonta	Reptilia	Crocodylus niloticus,Crocodylus porosus,Crocodylus johnsoni		173	190054	#e0093b	Crocodylidpoxvirus	190054	173	1	ncldv	complete;refseq	1	Nile crocodilepox virus	vertebrates	vertebrate	1	173	190054	3	62	26	17	56	91
P08	Goatpox virus Pellor	NC_004003	other Chordopoxvirinae 	Poxviridae	Poxviridae	Chordopoxvirinae	Capripoxvirus	Opisthokonta	Mammalia	Capra hircus,Ovis aries		150	149599	#e0093b	other_Chordopoxvirinae 	149599	150	1	ncldv	complete;refseq	1	Goatpox virus	vertebrates	mammal	1	150	149599	0	98	38	20	59	136
P09	Lumpy skin disease virus NI-2490	NC_003027	other Chordopoxvirinae 	Poxviridae	Poxviridae	Chordopoxvirinae	Capripoxvirus	Opisthokonta	Mammalia	Bos taurus		156	150773	#e0093b	other_Chordopoxvirinae 	150773	156	1	ncldv	complete;refseq	1	Lumpy skin disease virus	vertebrates	mammal	1	156	150773	0	102	38	23	62	140
P10	Sheeppox virus	NC_004002	other Chordopoxvirinae 	Poxviridae	Poxviridae	Chordopoxvirinae	Capripoxvirus	Opisthokonta	Mammalia	Meleagris gallopavo,Capra hircus,Ovis aries		148	149955	#e0093b	other_Chordopoxvirinae 	149955	148	1	ncldv	complete;refseq	1	Sheeppox virus	vertebrates	mammal	1	148	149955	0	98	38	8	20	136
P11	Murmansk poxvirus	NC_035468	other Chordopoxvirinae 	Poxviridae	Poxviridae	Chordopoxvirinae	Centapoxvirus	Opisthokonta	Mammalia	Microtus oeconomus		206	204055	#e0093b	other_Chordopoxvirinae 	204055	206	1	ncldv	complete;refseq	1	Murmansk poxvirus	vertebrates	mammal	1	206	204055	0	127	45	16	49	172
P12	NY_014 poxvirus	NC_035469	other Chordopoxvirinae 	Poxviridae	Poxviridae	Chordopoxvirinae	Centapoxvirus	Opisthokonta	Mammalia	Homo sapiens		197	200223	#e0093b	other_Chordopoxvirinae 	200223	197	1	ncldv	complete;refseq	1	NY_014 poxvirus	vertebrates	mammal	1	197	200223	0	127	44	14	40	171
P13	Yokapox virus	NC_015960	other Chordopoxvirinae 	Poxviridae	Poxviridae	Chordopoxvirinae	Centapoxvirus	Opisthokonta	Mammalia	Mus musculus,Mammalia		186	175699	#e0093b	other_Chordopoxvirinae 	175699	186	1	ncldv	complete;refseq	1	Yokapox virus	vertebrates	mammal	1	186	175699	0	113	42	11	30	155
P14	Deerpox virus W-848-83	NC_006966	other Chordopoxvirinae 	Poxviridae	Poxviridae	Chordopoxvirinae	Cervidpoxvirus	Opisthokonta	Mammalia	Odocoileus hemionus		169	166259	#e0093b	other_Chordopoxvirinae 	166259	169	1	ncldv	complete;refseq	1	Mule deerpox virus	vertebrates	mammal	1	169	166259	1	104	40	14	32	145
P15	BeAn 58058 virus	NC_032111	other Chordopoxvirinae 	Poxviridae	Poxviridae	Chordopoxvirinae	Chordopoxvirinae	Opisthokonta	Mammalia	Oryzomys sp.		210	163005	#e0093b	other_Chordopoxvirinae 	163005	210	1	ncldv	complete;refseq	1	BeAn 58058 virus	vertebrates	mammal	1	210	163005	0	100	35	22	51	135
P16	Myxoma virus	NC_001132	other Chordopoxvirinae 	Poxviridae	Poxviridae	Chordopoxvirinae	Leporipoxvirus	Opisthokonta	Mammalia	Oryctolagus cuniculus,Sylvilagus brasiliensis		170	161773	#e0093b	other_Chordopoxvirinae 	161773	170	1	ncldv	complete;refseq	1	Myxoma virus	vertebrates	mammal	1	170	161773	1	107	39	18	40	147
P17	Rabbit fibroma virus	NC_001266	other Chordopoxvirinae 	Poxviridae	Poxviridae	Chordopoxvirinae	Leporipoxvirus	Opisthokonta	Mammalia	Oryctolagus cuniculus,Sylvilagus floridanus		165	159857	#e0093b	other_Chordopoxvirinae 	159857	165	1	ncldv	complete;refseq	1	Rabbit fibroma virus	vertebrates	mammal	1	165	159857	1	104	39	17	38	144
P18	Molluscum contagiosum virus subtype 1	NC_001731	other Chordopoxvirinae 	Poxviridae	Poxviridae	Chordopoxvirinae	Molluscipoxvirus	Opisthokonta	Mammalia	Homo sapiens		163	190289	#e0093b	other_Chordopoxvirinae 	190289	163	1	ncldv	complete;refseq	1	Molluscum contagiosum virus	vertebrates;human	mammal	1	163	190289	3	83	25	6	13	111
P19	Sea otter poxvirus	NC_037656	other Chordopoxvirinae 	Poxviridae	Poxviridae	Chordopoxvirinae	Mustelpoxvirus	Opisthokonta	Mammalia	Enhydra lutris kenyoni		132	127879	#e0093b	other_Chordopoxvirinae 	127879	132	1	ncldv	complete;refseq	1	Sea otter poxvirus	vertebrates	mammal	1	132	127879	1	88	27	5	11	116
P20	Camelpox virus	NC_003391	other Chordopoxvirinae 	Poxviridae	Poxviridae	Chordopoxvirinae	Orthopoxvirus	Opisthokonta	Mammalia	Camelus		211	205719	#e0093b	other_Chordopoxvirinae 	205719	211	1	ncldv	complete;refseq	1	Camelpox virus	vertebrates	mammal	1	211	205719	0	126	45	14	46	171
P21	Cowpox virus	NC_003663	other Chordopoxvirinae 	Poxviridae	Poxviridae	Chordopoxvirinae	Orthopoxvirus	Opisthokonta	Mammalia	Callithrix jacchus,Homo sapiens,Canis lupus familiaris,Ailurus fulgens,Felis silvestris,Felis catus,Panthera leo,Panthera onca,Panthera pardus,Puma concolor,Elephas maximus,Loxodonta africana,Equus caballus,Tapirus indicus,Diceros bicornis,Bos taurus,Mus musculus,Rattus norvegicus,Apodemus sylvaticus,Castor fiber,Microtus agrestis,Acinonyx jubatus,Leopardus pardalis,Sorex araneus,Ceratotherium simum simum,Okapia johnstoni,Rhombomys opimus,Mungos mungo,Meriones libycus,Myodes glareolus,Puma yagouaroundi		233	224499	#e0093b	other_Chordopoxvirinae 	224499	233	1	ncldv	complete;refseq	1	Cowpox virus	vertebrates;human	mammal	1	233	224499	3	128	45	20	60	176
P22	Ectromelia virus	NC_004105	other Chordopoxvirinae 	Poxviridae	Poxviridae	Chordopoxvirinae	Orthopoxvirus	Opisthokonta	Mammalia	Mus musculus		173	209771	#e0093b	other_Chordopoxvirinae 	209771	173	1	ncldv	complete;refseq	1	Ectromelia virus	vertebrates	mammal	1	173	209771	0	109	42	11	33	151
P23	Monkeypox virus Zaire-96-I-16	NC_003310	other Chordopoxvirinae 	Poxviridae	Poxviridae	Chordopoxvirinae	Orthopoxvirus	Opisthokonta	Mammalia	Homo sapiens,Mus musculus,Gliridae,Cynomys gunnisoni,Cynomys ludovicianus,Cynomys leucurus,Cynomys mexicanus,Cynomys parvidens,Heliosciurus ruwenzorii		191	196858	#e0093b	other_Chordopoxvirinae 	196858	191	1	ncldv	complete;refseq	1	Monkeypox virus	vertebrates;human	mammal	1	191	196858	0	121	43	13	38	164
P24	Raccoonpox virus	NC_027213	other Chordopoxvirinae 	Poxviridae	Poxviridae	Chordopoxvirinae	Orthopoxvirus	Opisthokonta	Mammalia	Procyon lotor		207	214699	#e0093b	other_Chordopoxvirinae 	214699	207	1	ncldv	complete;refseq	1	Raccoonpox virus	vertebrates	mammal	1	207	214699	1	125	43	19	57	169
P25	Skunkpox virus	NC_031038	other Chordopoxvirinae 	Poxviridae	Poxviridae	Chordopoxvirinae	Orthopoxvirus	Opisthokonta	Mammalia	Chlorocebus aethiops,Mephitis mephitis		211	222832	#e0093b	other_Chordopoxvirinae 	222832	211	1	ncldv	complete;refseq	1	Skunkpox virus	vertebrates	mammal	1	211	222832	0	131	44	15	50	175
P26	Taterapox virus	NC_008291	other Chordopoxvirinae 	Poxviridae	Poxviridae	Chordopoxvirinae	Orthopoxvirus	Opisthokonta	Mammalia	Tatera		225	198050	#e0093b	other_Chordopoxvirinae 	198050	225	1	ncldv	complete;refseq	1	Taterapox virus	vertebrates	mammal	1	225	198050	2	128	44	19	59	174
P27	Vaccinia virus	NC_006998	other Chordopoxvirinae 	Poxviridae	Poxviridae	Chordopoxvirinae	Orthopoxvirus	Opisthokonta	Mammalia	Homo sapiens,Bos taurus		223	194711	#e0093b	other_Chordopoxvirinae 	194711	223	1	ncldv	complete;refseq	1	Vaccinia virus	vertebrates;human	mammal	1	223	194711	3	130	44	22	63	177
P28	Variola virus	NC_001611	other Chordopoxvirinae 	Poxviridae	Poxviridae	Chordopoxvirinae	Orthopoxvirus	Opisthokonta	Mammalia	Homo sapiens		197	185578	#e0093b	other_Chordopoxvirinae 	185578	197	1	ncldv	complete;refseq	1	Variola virus	vertebrates;human	mammal	1	197	185578	0	118	43	13	41	161
P29	Volepox virus	NC_031033	other Chordopoxvirinae 	Poxviridae	Poxviridae	Chordopoxvirinae	Orthopoxvirus	Opisthokonta	Mammalia	Chlorocebus aethiops,Microtus californicus		206	217124	#e0093b	other_Chordopoxvirinae 	217124	206	1	ncldv	complete;refseq	1	Volepox virus	vertebrates	mammal	1	206	217124	0	130	44	14	46	174
P30	Cotia virus SPAn232	NC_016924	other Chordopoxvirinae 	Poxviridae	Poxviridae	Chordopoxvirinae	Oryzopoxvirus	Opisthokonta	Mammalia	Mus musculus		185	185139	#e0093b	other_Chordopoxvirinae 	185139	185	1	ncldv	complete;refseq	1	Cotia virus	vertebrates	mammal	1	185	185139	1	110	37	18	54	148
P31	Bovine papular stomatitis virus	NC_005337	other Chordopoxvirinae 	Poxviridae	Poxviridae	Chordopoxvirinae	Parapoxvirus	Opisthokonta	Mammalia	Bos taurus		131	134431	#e0093b	other_Chordopoxvirinae 	134431	131	1	ncldv	complete;refseq	1	Bovine papular stomatitis virus	vertebrates	mammal	1	131	134431	0	91	25	6	19	116
P32	Orf virus	NC_005336	other Chordopoxvirinae 	Poxviridae	Poxviridae	Chordopoxvirinae	Parapoxvirus	Opisthokonta	Mammalia	Homo sapiens,Capra hircus,Ovis aries		130	139962	#e0093b	other_Chordopoxvirinae 	139962	130	1	ncldv	complete;refseq	1	Orf virus	vertebrates;human	mammal	1	130	139962	0	93	25	6	16	118
P33	Parapoxvirus red deer/HL953	NC_025963	other Chordopoxvirinae 	Poxviridae	Poxviridae	Chordopoxvirinae	Parapoxvirus	Opisthokonta	Mammalia	Cervus elaphus		130	139981	#e0093b	other_Chordopoxvirinae 	139981	130	1	ncldv	complete;refseq	1	Parapoxvirus of red deer in New Zealand	vertebrates	mammal	1	130	139981	0	89	25	6	18	114
P34	Pseudocowpox virus	NC_013804	other Chordopoxvirinae 	Poxviridae	Poxviridae	Chordopoxvirinae	Parapoxvirus	Opisthokonta	Mammalia	Bos taurus		134	145289	#e0093b	other_Chordopoxvirinae 	145289	134	1	ncldv	complete;refseq	1	Pseudocowpox virus	vertebrates	mammal	1	134	145289	0	91	24	12	30	115
P35	Seal parapoxvirus	NC_035188	other Chordopoxvirinae 	Poxviridae	Poxviridae	Chordopoxvirinae	Parapoxvirus	Opisthokonta	Mammalia	Phocidae		120	127941	#e0093b	other_Chordopoxvirinae 	127941	120	1	ncldv	complete;refseq	1	Seal parapoxvirus	vertebrates	mammal	1	120	127941	0	81	25	6	15	106
P36	Pteropox virus	NC_030656	other Chordopoxvirinae 	Poxviridae	Poxviridae	Chordopoxvirinae	Pteropopoxvirus	Opisthokonta	Mammalia	Pteropus scapulatus		143	133492	#e0093b	other_Chordopoxvirinae 	133492	143	1	ncldv	complete;refseq	1	Pteropox virus	vertebrates	mammal	1	143	133492	1	89	28	5	15	118
P37	Squirrelpox virus	NC_022563	other Chordopoxvirinae 	Poxviridae	Poxviridae	Chordopoxvirinae	Sciuripoxvirus	Opisthokonta	Mammalia	Sciurus,Sciurus vulgaris		141	148803	#e0093b	other_Chordopoxvirinae 	148803	141	1	ncldv	complete;refseq	1	Squirrelpox virus	vertebrates	mammal	1	141	148803	0	86	25	4	9	111
P38	Swinepox virus	NC_003389	other Chordopoxvirinae 	Poxviridae	Poxviridae	Chordopoxvirinae	Suipoxvirus	Opisthokonta	Mammalia	Sus scrofa		150	146454	#e0093b	other_Chordopoxvirinae 	146454	150	1	ncldv	complete;refseq	1	Swinepox virus	vertebrates	mammal	1	150	146454	0	93	39	11	24	132
P39	Tanapox virus isolate TPV-Kenya	EF420156	other Chordopoxvirinae 	Poxviridae	Poxviridae	Chordopoxvirinae	Yatapoxvirus	Opisthokonta	Mammalia			156	144565	#e0093b	other_Chordopoxvirinae 	144565	NA	1	ncldv	complete	1	Tanapox virus	vertebrates;human	mammal	1	156	144565	0	106	38	8	20	144
P40	Tanapox virus isolate TPV-RoC	EF420157	other Chordopoxvirinae 	Poxviridae	Poxviridae	Chordopoxvirinae	Yatapoxvirus	Opisthokonta	Mammalia	Primates,Chlorocebus aethiops,Homo sapiens		155	144553	#e0093b	other_Chordopoxvirinae 	144553	NA	1	ncldv	complete	1	Tanapox virus	vertebrates;human	mammal	1	155	144553	0	106	38	8	19	144
P41	Yaba monkey tumor virus	NC_005179	other Chordopoxvirinae 	Poxviridae	Poxviridae	Chordopoxvirinae	Yatapoxvirus	Opisthokonta	Mammalia	Erythrocebus patas,Macaca,Papio hamadryas,Homo sapiens		140	134721	#e0093b	other_Chordopoxvirinae 	134721	140	1	ncldv	complete;refseq	1	Yaba monkey tumor virus	vertebrates;human	mammal	1	140	134721	0	94	37	6	14	131
P42	Yaba-like disease virus	NC_002642	other Chordopoxvirinae 	Poxviridae	Poxviridae	Chordopoxvirinae	Yatapoxvirus	Opisthokonta	Mammalia	Homo sapiens,Simiiformes		152	144575	#e0093b	other_Chordopoxvirinae 	144575	152	1	ncldv	complete;refseq	1	Tanapox virus	vertebrates;human	mammal	1	152	144575	0	102	38	8	19	140
P43	Anomala cuprea entomopoxvirus	NC_023426	Alphaentomopoxvirus	Poxviridae	Poxviridae	Entomopoxvirinae	Alphaentomopoxvirus	Opisthokonta	Coleoptera	Anomala cuprea		263	245717	#e0093b	Alphaentomopoxvirus	245717	263	1	ncldv	complete;refseq	1	Anomala cuprea entomopoxvirus	invertebrates	arthopod	1	263	245717	11	77	43	19	66	131
P44	Adoxophyes honmai entomopoxvirus 'L'	NC_021247	Betaentomopoxvirus	Poxviridae	Poxviridae	Entomopoxvirinae	Betaentomopoxvirus	Opisthokonta	Lepidoptera	Adoxophyes honmai		247	228750	#e0093b	Betaentomopoxvirus	228750	247	1	ncldv	complete;refseq	1	Adoxophyes honmai entomopoxvirus	invertebrates	arthopod	1	247	228750	1	142	43	11	42	186
P45	Amsacta moorei entomopoxvirus	NC_002520	Betaentomopoxvirus	Poxviridae	Poxviridae	Entomopoxvirinae	Betaentomopoxvirus	Opisthokonta	Lepidoptera	Lymantria dispar,Estigmene acrea,Amsacta		294	232392	#e0093b	Betaentomopoxvirus	232392	294	1	ncldv	complete;refseq	1	Amsacta moorei entomopoxvirus	invertebrates	arthopod	1	294	232392	7	142	48	25	64	197
P46	Choristoneura biennis entomopoxvirus	NC_021248	Betaentomopoxvirus	Poxviridae	Poxviridae	Entomopoxvirinae	Betaentomopoxvirus	Opisthokonta	Lepidoptera	Choristoneura fumiferana,Choristoneura biennis		334	307691	#e0093b	Betaentomopoxvirus	307691	334	1	ncldv	complete;refseq	1	Choristoneura biennis entomopoxvirus	invertebrates	arthopod	1	334	307691	10	185	50	27	103	245
P47	Choristoneura rosaceana entomopoxvirus 'L'	NC_021249	Betaentomopoxvirus	Poxviridae	Poxviridae	Entomopoxvirinae	Betaentomopoxvirus	Opisthokonta	Lepidoptera	Choristoneura rosaceana		296	282895	#e0093b	Betaentomopoxvirus	282895	296	1	ncldv	complete;refseq	1	Choristoneura rosaceana entomopoxvirus	invertebrates	arthopod	1	296	282895	1	182	48	16	66	231
P48	Mythimna separata entomopoxvirus 'L'	NC_021246	Betaentomopoxvirus	Poxviridae	Poxviridae	Entomopoxvirinae	Betaentomopoxvirus	Opisthokonta	Lepidoptera	Mythimna separata		306	281182	#e0093b	Betaentomopoxvirus	281182	306	1	ncldv	complete;refseq	1	Mythimna separata entomopoxvirus	invertebrates	arthopod	1	306	281182	2	150	52	12	52	204
P49	Melanoplus sanguinipes entomopoxvirus	NC_001993	Deltaentomopoxvirus	Poxviridae	Poxviridae	Entomopoxvirinae	Deltaentomopoxvirus	Opisthokonta	Orthoptera	Locusta migratoria,Schistocerca gregaria,Melanoplus differentialis,Melanoplus sanguinipes,Melanoplus packardii		267	236120	#e0093b	Deltaentomopoxvirus	236120	267	1	ncldv	complete;refseq	1	Melanoplus sanguinipes entomopoxvirus	invertebrates	arthopod	1	267	236120	9	72	40	17	54	121
P50	Eptesipox virus	NC_035460	other Chordopoxvirinae 	Poxviridae	Poxviridae	Chordopoxvirinae	Vespertilionpoxvirus	Opisthokonta	Mammalia	Eptesicus fuscus		191	176688	#e0093b	other_Chordopoxvirinae 	176688	191	1	ncldv	complete;refseq	1	Eptesipox virus	vertebrates	mammal	1	191	176688	2	102	39	16	45	143
P51	Salmon gill poxvirus	NC_027707	Salmonpoxvirus	Poxviridae	Poxviridae	Salmonpoxvirus	Salmonpoxvirus	Opisthokonta	Fish	Salmo salar		210	241564	#e0093b	Salmonpoxvirus	241564	210	1	ncldv	complete;refseq	1	Salmon gill poxvirus	vertebrates	vertebrate	1	210	241564	3	27	33	5	20	63
